-- insert product_categories
-- Smoothies products
INSERT INTO
    product_categories (
        product_id,
        category_id,
        created_by,
        updated_by
    )
VALUES (1, 1, 1, 1),
    (5, 1, 1, 1),
    (10, 1, 1, 1);

-- Juices products
INSERT INTO
    product_categories (
        product_id,
        category_id,
        created_by,
        updated_by
    )
VALUES (2, 2, 1, 1),
    (7, 2, 1, 1);

-- Drinks products
INSERT INTO
    product_categories (
        product_id,
        category_id,
        created_by,
        updated_by
    )
VALUES (3, 3, 1, 1),
    (4, 3, 1, 1),
    (6, 3, 1, 1),
    (8, 3, 1, 1),
    (9, 3, 1, 1),
    (35, 3, 1, 1),
    (36, 3, 1, 1),
    (37, 3, 1, 1),
    (38, 3, 1, 1),
    (39, 3, 1, 1),
    (40, 3, 1, 1),
    (41, 3, 1, 1),
    (42, 3, 1, 1),
    (43, 3, 1, 1),
    (44, 3, 1, 1),
    (45, 3, 1, 1),
    (46, 3, 1, 1),
    (47, 3, 1, 1),
    (48, 3, 1, 1),
    (49, 3, 1, 1);

-- Foods products (bowls)
INSERT INTO
    product_categories (
        product_id,
        category_id,
        created_by,
        updated_by
    )
VALUES (11, 4, 1, 1),
    (12, 4, 1, 1),
    (13, 4, 1, 1),
    (14, 4, 1, 1),
    (15, 4, 1, 1),
    (16, 4, 1, 1),
    (17, 4, 1, 1),
    (18, 4, 1, 1),
    (19, 4, 1, 1),
    (20, 4, 1, 1),
    (21, 4, 1, 1),
    (22, 4, 1, 1),
    (23, 4, 1, 1),
    (24, 4, 1, 1),
    (25, 4, 1, 1),
    (26, 4, 1, 1),
    (27, 4, 1, 1),
    (28, 4, 1, 1),
    (29, 4, 1, 1),
    (30, 4, 1, 1),
    (31, 4, 1, 1),
    (32, 4, 1, 1),
    (33, 4, 1, 1),
    (34, 4, 1, 1);

-- insert product_sizes
-- Smoothies, Juices, Drinks (size R, L, XL)
INSERT INTO
    product_sizes (
        product_id,
        size_id,
        created_by,
        updated_by
    )
VALUES (1, 1, 1, 1),
    (1, 2, 1, 1),
    (1, 3, 1, 1),
    (5, 1, 1, 1),
    (5, 2, 1, 1),
    (5, 3, 1, 1),
    (10, 1, 1, 1),
    (10, 2, 1, 1),
    (10, 3, 1, 1),
    (2, 1, 1, 1),
    (2, 2, 1, 1),
    (2, 3, 1, 1),
    (7, 1, 1, 1),
    (7, 2, 1, 1),
    (7, 3, 1, 1),
    (3, 1, 1, 1),
    (3, 2, 1, 1),
    (3, 3, 1, 1),
    (4, 1, 1, 1),
    (4, 2, 1, 1),
    (4, 3, 1, 1),
    (6, 1, 1, 1),
    (6, 2, 1, 1),
    (6, 3, 1, 1),
    (8, 1, 1, 1),
    (8, 2, 1, 1),
    (8, 3, 1, 1),
    (9, 1, 1, 1),
    (9, 2, 1, 1),
    (9, 3, 1, 1),
    (35, 1, 1, 1),
    (35, 2, 1, 1),
    (35, 3, 1, 1),
    (36, 1, 1, 1),
    (36, 2, 1, 1),
    (36, 3, 1, 1),
    (37, 1, 1, 1),
    (37, 2, 1, 1),
    (37, 3, 1, 1),
    (38, 1, 1, 1),
    (38, 2, 1, 1),
    (38, 3, 1, 1),
    (39, 1, 1, 1),
    (39, 2, 1, 1),
    (39, 3, 1, 1),
    (40, 1, 1, 1),
    (40, 2, 1, 1),
    (40, 3, 1, 1),
    (41, 1, 1, 1),
    (41, 2, 1, 1),
    (41, 3, 1, 1),
    (42, 1, 1, 1),
    (42, 2, 1, 1),
    (42, 3, 1, 1),
    (43, 1, 1, 1),
    (43, 2, 1, 1),
    (43, 3, 1, 1),
    (44, 1, 1, 1),
    (44, 2, 1, 1),
    (44, 3, 1, 1),
    (45, 1, 1, 1),
    (45, 2, 1, 1),
    (45, 3, 1, 1),
    (46, 1, 1, 1),
    (46, 2, 1, 1),
    (46, 3, 1, 1),
    (47, 1, 1, 1),
    (47, 2, 1, 1),
    (47, 3, 1, 1),
    (48, 1, 1, 1),
    (48, 2, 1, 1),
    (48, 3, 1, 1),
    (49, 1, 1, 1),
    (49, 2, 1, 1),
    (49, 3, 1, 1);

-- Foods/Bowls (size 250gr)
INSERT INTO
    product_sizes (
        product_id,
        size_id,
        created_by,
        updated_by
    )
VALUES (11, 4, 1, 1),
    (12, 4, 1, 1),
    (13, 4, 1, 1),
    (14, 4, 1, 1),
    (15, 4, 1, 1),
    (16, 4, 1, 1),
    (17, 4, 1, 1),
    (18, 4, 1, 1),
    (19, 4, 1, 1),
    (20, 4, 1, 1),
    (21, 4, 1, 1),
    (22, 4, 1, 1),
    (23, 4, 1, 1),
    (24, 4, 1, 1),
    (25, 4, 1, 1),
    (26, 4, 1, 1),
    (27, 4, 1, 1),
    (28, 4, 1, 1),
    (29, 4, 1, 1),
    (30, 4, 1, 1),
    (31, 4, 1, 1),
    (32, 4, 1, 1),
    (33, 4, 1, 1),
    (34, 4, 1, 1);

-- insert product_variants
INSERT INTO
    product_variants (
        product_id,
        variant_id,
        created_by,
        updated_by
    )
VALUES (1, 1, 1, 1),
    (1, 2, 1, 1),
    (5, 1, 1, 1),
    (5, 2, 1, 1),
    (10, 1, 1, 1),
    (10, 2, 1, 1),
    (2, 1, 1, 1),
    (2, 2, 1, 1),
    (7, 1, 1, 1),
    (7, 2, 1, 1),
    (3, 1, 1, 1),
    (3, 2, 1, 1),
    (4, 1, 1, 1),
    (4, 2, 1, 1),
    (6, 1, 1, 1),
    (6, 2, 1, 1),
    (8, 1, 1, 1),
    (8, 2, 1, 1),
    (9, 1, 1, 1),
    (9, 2, 1, 1),
    (35, 1, 1, 1),
    (35, 2, 1, 1),
    (36, 1, 1, 1),
    (36, 2, 1, 1),
    (37, 1, 1, 1),
    (37, 2, 1, 1),
    (38, 1, 1, 1),
    (38, 2, 1, 1),
    (39, 1, 1, 1),
    (39, 2, 1, 1),
    (40, 1, 1, 1),
    (40, 2, 1, 1),
    (41, 1, 1, 1),
    (41, 2, 1, 1),
    (42, 1, 1, 1),
    (42, 2, 1, 1),
    (43, 1, 1, 1),
    (43, 2, 1, 1),
    (44, 1, 1, 1),
    (44, 2, 1, 1),
    (45, 1, 1, 1),
    (45, 2, 1, 1),
    (46, 1, 1, 1),
    (46, 2, 1, 1),
    (47, 1, 1, 1),
    (47, 2, 1, 1),
    (48, 1, 1, 1),
    (48, 2, 1, 1),
    (49, 1, 1, 1),
    (49, 2, 1, 1);